Label,Time,Sensor1,Sensor2,Sensor3,Sensor4,Sensor5,Sensor6,Sensor7,Sensor8,Sensor9,Sensor10,Sensor11,Sensor12,Sensor13,Sensor14,Sensor15,Sensor16
niihara_elderly,1.0162,228,242,247,219,104,234,171,244,219,229,204,244,230,237,248,238
niihara_elderly,1.2208,228,242,247,219,111,234,177,244,219,229,205,244,230,237,248,238
niihara_elderly,1.4217,228,242,247,219,107,234,176,244,219,229,205,244,230,237,248,238
niihara_elderly,1.6224,228,241,247,219,107,234,179,244,221,229,206,244,231,237,248,238
niihara_elderly,1.8271,227,241,247,219,110,235,185,244,220,229,206,244,231,237,248,238
niihara_elderly,2.0278,228,244,247,219,109,231,109,242,221,229,206,244,231,237,248,238
niihara_elderly,2.2326,228,242,247,218,114,234,170,244,220,227,206,244,231,237,248,239
niihara_elderly,2.4334,227,240,247,218,109,235,196,245,219,226,206,243,230,235,248,238
niihara_elderly,2.6341,228,241,247,218,107,234,191,244,222,227,206,243,231,236,248,238
niihara_elderly,2.8389,228,242,247,218,107,234,184,244,222,228,206,244,231,237,248,238
niihara_elderly,3.0396,229,242,247,218,106,234,183,244,223,228,207,244,231,236,248,238
niihara_elderly,3.2443,228,242,247,219,114,233,178,244,223,228,207,244,231,237,248,238
niihara_elderly,3.4451,228,242,247,219,115,234,187,244,221,228,207,243,231,236,248,238
niihara_elderly,3.6498,228,242,247,219,109,234,187,244,222,228,207,243,231,236,248,238
niihara_elderly,3.8506,228,241,247,218,110,235,191,245,219,227,206,243,231,236,248,238
niihara_elderly,4.0514,228,239,247,218,108,235,197,245,220,227,206,243,231,236,248,239
niihara_elderly,4.256,228,240,247,218,111,236,196,245,220,228,206,243,231,236,248,238
niihara_elderly,4.4569,228,239,247,218,109,236,199,245,220,228,206,243,231,236,248,238
niihara_elderly,4.6616,227,239,247,218,108,236,199,245,220,228,207,243,231,236,248,239
niihara_elderly,4.8624,228,241,247,218,110,235,190,245,222,228,207,243,231,236,248,239
niihara_elderly,5.0631,228,241,247,219,108,235,191,245,223,228,207,243,231,236,248,238
niihara_elderly,5.2679,227,240,247,218,114,236,197,245,221,228,207,243,231,236,248,239
niihara_elderly,5.4686,228,240,247,218,109,236,198,245,221,228,207,243,231,236,248,239
niihara_elderly,5.6733,228,240,247,219,108,236,198,245,221,228,207,243,231,236,248,239
niihara_elderly,5.8741,228,241,247,219,109,235,194,245,222,228,208,243,231,236,248,239
niihara_elderly,6.0749,228,242,247,219,113,235,187,244,223,228,208,244,231,236,248,238
niihara_elderly,6.2796,228,242,247,219,105,235,181,244,223,229,208,244,231,237,248,239
niihara_elderly,6.4803,228,242,247,219,107,235,183,244,223,228,208,244,231,236,248,239
niihara_elderly,6.685,228,242,247,219,108,235,186,244,222,228,208,244,231,237,248,239
niihara_elderly,6.8858,228,241,247,219,108,235,190,245,221,228,208,244,231,236,248,239
niihara_elderly,7.0905,228,241,247,219,108,235,190,245,222,228,208,244,231,236,248,239
niihara_elderly,7.2914,228,241,247,219,107,235,190,245,223,228,208,244,231,236,248,238
niihara_elderly,7.4921,228,242,247,219,110,235,181,244,223,229,208,244,231,237,248,238
niihara_elderly,7.6969,228,242,247,219,108,235,181,244,224,229,208,244,231,237,248,238
niihara_elderly,7.8976,228,242,247,219,111,235,175,244,225,230,209,244,231,237,248,238
niihara_elderly,8.1023,228,243,247,219,105,234,163,244,226,231,209,244,231,237,248,237
niihara_elderly,8.3032,228,243,247,219,115,235,175,244,225,229,209,244,231,236,248,237
niihara_elderly,8.5038,228,243,247,219,115,234,153,243,226,229,209,244,231,236,248,238
niihara_elderly,8.7086,228,243,247,219,118,235,181,244,224,228,208,244,231,236,248,238
niihara_elderly,8.9093,228,241,247,219,111,235,190,245,222,227,208,243,231,236,248,239
niihara_elderly,9.114,227,239,247,218,111,236,200,245,220,227,208,243,231,236,249,239
niihara_elderly,9.3148,228,239,247,218,115,236,200,245,218,227,207,243,232,236,249,239
niihara_elderly,9.5195,227,239,247,218,111,235,200,245,217,226,208,243,232,237,249,240
niihara_elderly,9.7204,227,239,247,218,110,235,196,245,222,226,209,243,232,236,249,240
niihara_elderly,9.9211,227,240,247,219,113,236,198,245,223,222,209,242,232,234,249,239
niihara_elderly,10.1258,226,240,247,218,107,236,201,246,220,218,209,242,232,233,249,240
niihara_elderly,10.3265,227,239,247,218,106,237,205,246,221,218,209,242,231,231,249,239
niihara_elderly,10.5313,227,239,247,218,113,237,207,246,220,219,208,242,231,231,248,239
niihara_elderly,10.7321,227,240,247,218,113,236,203,246,222,221,209,242,232,233,249,239
niihara_elderly,10.9328,227,241,247,219,109,236,199,245,226,226,210,243,231,235,248,238
niihara_elderly,11.1376,228,241,247,219,106,236,198,245,227,227,210,244,231,235,248,238
niihara_elderly,11.3383,227,242,247,219,102,235,194,245,226,226,210,243,231,235,248,238
niihara_elderly,11.5431,227,241,247,219,108,236,202,245,224,224,209,243,231,233,248,238
niihara_elderly,11.7438,227,239,247,218,106,237,208,246,218,220,208,242,231,232,249,239
niihara_elderly,11.9445,227,238,247,218,109,237,211,246,214,217,208,242,231,232,249,240
niihara_elderly,12.1494,227,238,246,218,117,237,210,246,216,218,208,242,231,233,249,240
niihara_elderly,12.3501,227,240,247,219,107,236,204,246,220,221,209,243,232,234,249,240
niihara_elderly,12.5547,227,241,247,219,110,236,199,245,222,224,209,243,232,235,249,239
niihara_elderly,12.7555,228,242,247,219,113,236,196,245,224,225,210,243,232,234,248,239
niihara_elderly,12.9603,228,242,247,220,113,236,193,245,225,225,210,243,231,233,248,238
niihara_elderly,13.161,228,243,247,220,110,236,193,245,226,225,210,243,231,232,248,237
niihara_elderly,13.3618,228,243,247,220,110,236,189,245,226,226,210,243,231,233,248,237
niihara_elderly,13.5666,228,243,247,220,110,236,187,244,227,226,210,243,231,233,248,237
niihara_elderly,13.7673,228,243,247,220,110,236,178,244,227,227,210,243,231,234,248,237
niihara_elderly,13.972,228,243,247,220,113,235,176,244,227,227,211,244,231,234,248,237
niihara_elderly,14.1728,228,243,247,220,112,235,178,244,228,227,210,243,231,233,248,237
niihara_elderly,14.3736,228,243,247,220,116,236,188,245,227,227,210,243,231,232,248,237
niihara_elderly,14.5783,228,243,247,219,109,236,189,245,228,228,211,243,231,233,248,237
niihara_elderly,14.779,228,243,247,220,109,235,179,244,228,228,211,244,231,234,248,237
niihara_elderly,14.9837,228,243,247,220,113,235,175,244,228,228,211,244,231,235,248,237
niihara_elderly,15.1846,228,243,247,220,112,235,173,244,228,228,211,244,232,235,248,238
niihara_elderly,15.3892,228,243,247,220,104,235,173,244,228,228,211,244,231,234,248,237
niihara_elderly,15.59,228,243,247,220,106,235,180,244,228,227,211,243,231,234,248,238
niihara_elderly,15.7908,228,243,247,220,107,236,189,245,226,227,210,243,231,234,248,238
niihara_elderly,15.9955,228,242,247,219,113,236,197,245,223,225,209,243,231,234,248,238
niihara_elderly,16.1963,228,242,247,220,114,236,192,245,224,226,210,243,231,234,248,238
niihara_elderly,16.4009,227,243,247,220,128,236,178,244,226,227,210,244,231,234,248,238
niihara_elderly,16.6018,228,243,247,220,106,236,190,245,225,226,210,243,231,234,248,238
niihara_elderly,16.8025,228,243,247,220,115,236,193,245,224,226,210,243,231,233,248,238
niihara_elderly,17.0073,228,243,247,220,114,236,190,245,224,226,210,243,231,234,248,238
niihara_elderly,17.208,228,243,247,220,112,236,191,245,225,227,210,243,231,234,248,238
niihara_elderly,17.4127,228,243,247,220,111,236,187,245,224,227,210,244,232,235,248,238
niihara_elderly,17.6135,228,243,247,219,110,236,187,245,224,227,210,244,232,236,249,239
niihara_elderly,17.8182,228,243,247,219,107,236,188,245,225,228,210,244,232,235,248,239
niihara_elderly,18.0191,228,243,247,220,114,236,189,245,225,227,210,244,232,235,249,238
niihara_elderly,18.2197,228,243,247,220,110,236,188,245,225,227,210,243,232,235,248,238
niihara_elderly,18.4245,228,243,247,220,111,236,189,245,225,227,210,244,232,235,248,239
niihara_elderly,18.6253,227,242,247,219,112,237,195,245,224,227,210,243,232,235,248,239
niihara_elderly,18.8299,227,240,246,219,112,237,200,246,224,226,210,243,232,235,249,239
niihara_elderly,19.0307,226,240,246,219,110,237,201,246,224,226,210,243,232,235,249,239
niihara_elderly,19.2315,227,241,246,219,111,237,197,246,224,227,210,243,232,236,249,239
niihara_elderly,19.4363,227,240,246,219,108,237,199,246,224,227,210,244,232,236,248,239
niihara_elderly,19.6369,227,241,246,219,107,237,199,246,224,227,210,244,232,236,249,239
niihara_elderly,19.8417,227,241,247,219,109,237,199,246,224,227,210,244,232,236,249,239
niihara_elderly,20.0425,227,241,247,219,109,236,196,245,225,227,211,244,232,236,249,239
niihara_elderly,20.2472,227,242,247,219,113,236,195,245,225,227,211,243,232,235,248,239
niihara_elderly,20.448,227,243,247,220,111,236,192,245,226,227,211,244,232,235,248,239
niihara_elderly,20.6488,227,243,247,220,112,236,190,245,226,227,211,243,232,235,248,239
niihara_elderly,20.8535,227,243,247,220,107,236,189,245,228,228,211,244,231,235,248,238
niihara_elderly,21.0542,227,243,247,220,108,236,171,244,228,228,211,244,231,236,248,238
niihara_elderly,21.259,227,244,247,220,111,235,164,244,228,228,211,244,232,236,248,238
niihara_elderly,21.46,227,244,247,220,108,236,173,244,228,228,211,244,231,236,248,238
niihara_elderly,21.6605,227,243,247,220,107,236,182,245,227,227,211,244,232,236,248,239
niihara_elderly,21.8653,228,242,247,219,109,236,191,245,225,227,211,243,232,236,248,239
niihara_elderly,22.066,227,242,247,219,110,236,194,245,224,226,210,243,232,235,248,239
niihara_elderly,22.2707,227,243,247,219,116,236,189,245,225,226,211,243,232,235,249,239
niihara_elderly,22.4715,227,243,247,220,115,236,180,244,226,227,211,244,232,236,248,239
niihara_elderly,22.6762,228,243,247,220,111,236,177,244,227,227,211,244,232,235,248,239
niihara_elderly,22.877,227,243,247,220,108,236,181,244,226,227,211,243,232,235,248,239
niihara_elderly,23.0777,227,242,247,219,109,236,194,245,225,226,210,243,232,234,248,239
niihara_elderly,23.2825,227,243,247,220,112,236,190,245,226,226,211,243,232,235,248,239
niihara_elderly,23.4833,227,243,247,220,109,236,185,245,226,227,211,244,232,236,248,239
niihara_elderly,23.6879,227,243,247,220,113,236,179,244,226,227,211,244,232,236,249,239
niihara_elderly,23.8888,227,243,247,220,115,236,176,244,226,227,211,244,232,236,249,239
niihara_elderly,24.0894,227,243,247,220,117,236,179,244,226,227,211,244,232,236,248,239
niihara_elderly,24.2943,227,243,247,220,119,236,180,244,226,227,211,243,232,235,248,239
niihara_elderly,24.495,227,243,247,220,120,236,183,245,226,227,211,243,232,235,249,239
niihara_elderly,24.6997,227,243,247,220,114,236,189,245,225,226,211,243,232,235,249,239
niihara_elderly,24.9005,227,243,247,220,117,236,192,245,224,226,211,243,232,236,249,240
niihara_elderly,25.1051,227,243,247,220,115,236,192,245,224,226,211,243,232,236,249,240
niihara_elderly,25.306,227,243,247,220,113,236,191,245,223,226,211,243,232,236,249,240
niihara_elderly,25.5067,226,242,247,219,109,236,193,245,222,226,211,243,232,236,249,240
niihara_elderly,25.7115,227,242,247,219,109,236,193,245,222,226,211,243,232,236,249,240
niihara_elderly,25.9122,227,242,247,220,115,237,195,245,222,225,210,243,232,235,249,240
niihara_elderly,26.1169,226,242,247,219,112,237,197,245,223,226,210,243,232,235,249,240
niihara_elderly,26.3177,226,241,247,219,105,237,199,245,220,224,210,243,232,235,249,240
niihara_elderly,26.5184,227,240,247,219,109,237,203,246,216,223,210,243,232,235,249,240
niihara_elderly,26.7232,227,239,246,218,113,237,206,246,214,222,209,243,232,235,249,240
niihara_elderly,26.924,226,238,246,218,110,238,208,246,210,220,209,242,232,235,249,240
niihara_elderly,27.1286,226,236,246,217,106,237,211,246,206,215,209,242,232,235,249,241
niihara_elderly,27.3294,226,237,246,217,107,237,212,246,208,217,209,242,232,234,249,241
niihara_elderly,27.5303,227,240,247,219,108,237,208,246,211,218,209,242,232,231,249,240
niihara_elderly,27.7355,227,240,247,219,110,238,208,246,213,218,209,242,232,231,249,240
niihara_elderly,27.9357,227,240,247,219,106,237,208,246,213,219,209,242,232,233,249,240
niihara_elderly,28.1404,227,239,247,219,116,237,208,246,212,220,210,242,232,234,249,241
niihara_elderly,28.3412,226,240,247,219,110,237,205,246,211,220,210,243,232,235,249,241
niihara_elderly,28.5459,226,240,247,219,116,237,206,246,211,220,210,243,232,235,249,241
niihara_elderly,28.7467,226,240,246,219,112,237,207,246,211,220,210,243,232,235,249,241
niihara_elderly,28.9474,226,239,247,219,112,238,209,246,208,219,209,242,232,234,249,241
niihara_elderly,29.1522,226,239,247,219,114,238,209,246,209,220,209,243,232,234,249,241
niihara_elderly,29.3529,226,239,247,219,119,238,209,246,210,220,209,242,232,234,249,241
niihara_elderly,29.5576,226,239,246,219,119,238,210,246,208,219,209,242,232,234,249,241
niihara_elderly,29.7584,226,239,246,219,108,238,209,246,209,220,209,242,232,234,249,241
niihara_elderly,29.9592,227,239,247,219,114,238,209,246,210,220,210,243,232,234,249,241
niihara_elderly,30.164,226,238,246,219,115,238,210,246,211,220,210,243,232,234,249,241
